UNIQUE_PLOT_ID,TRT_COMBO,Rep,Trt,Plot,BGROUND,ACMI2,ACNE9,ACTH7,AGGL,ALAC4,ALDE,AMRE2,AMSIN,ANDI2,ANLU2,ARCU,ARLU,ARTRV,ASPU9,ASTRA,BASA3,BORAG,BRTE,CADO2,CALOC,CHDO,CHJU,CHVI8,CIUN,COLI2,COPA3,CRAC2,CRAT,CROC,DELPH,ELEL5,EPBR3,ERAP,ERCA8,ERCI6,ERHE2,ERMI4,ERNA10,EROV,ERPU2,ERUM,FRAT,HEUN,HYCA4,IVAX,JUNCU,JUNCU2,LASE,LECI4,LERE7,LILEL2,LILIU,LIRU4,LOCO4,LOGR,LONU2,LOTR,LUAR6,LUCA,LUPIN,LUPIN2,LUSE4,MAGR3,MEAL6,MEBU,MINU,NEST5,PHHA,PHHE2,PHLO2,POBU,POSE,PSSP6,PUTR2,SEIN2,SIAL2,TRDU,TRIFO,VINU2,ZIPA2
C01,CONTROL,1,1,1301,5,0,0,18,5,5,0,0,0,0,0,0,0,0,0,0,0,0,18,0,0,0,0,0,0,5,5,0,0,0,5,5,5,0,0,0,18,0,0,0,0,0,0,0,0,0,0,0,0,0,0,0,0,0,5,0,0,0,0,0,0,0,0,5,0,0,0,0,0,0,5,0,38,5,0,0,0,0,0,0,0
C02,CONTROL,2,1,1302,18,0,0,5,5,0,0,0,0,0,0,0,0,0,0,18,0,5,38,0,0,5,5,0,0,0,0,0,0,0,0,0,5,0,0,5,0,0,0,0,0,0,0,0,0,0,0,0,0,0,0,0,0,0,0,0,0,5,0,0,0,0,0,0,0,0,0,0,0,0,5,0,5,5,0,0,5,5,0,0,0
C07,CONTROL,3,1,1303,18,0,0,18,0,5,0,0,0,0,0,0,0,18,0,0,5,0,5,0,0,0,0,0,5,0,0,0,5,0,0,5,0,0,0,0,0,0,0,0,0,0,0,0,0,0,0,0,0,5,0,0,0,0,0,0,0,5,0,0,0,0,0,0,0,0,0,0,0,0,5,0,18,0,0,0,0,0,0,5,0
C08,CONTROL,4,1,1304,18,0,0,0,0,5,0,0,0,0,0,0,0,63,0,0,0,0,18,0,0,0,0,0,0,0,0,0,0,0,0,0,0,0,0,0,0,0,0,0,0,0,0,0,0,0,0,0,0,0,0,0,0,0,0,0,0,5,0,0,5,0,5,0,0,0,5,0,0,0,5,5,5,18,0,0,0,0,0,0,0
C03,CONTROL,5,1,1305,5,0,0,0,5,0,0,0,0,0,0,0,0,38,0,0,0,0,5,5,0,0,0,0,0,0,0,0,5,0,0,5,5,0,0,0,0,0,0,0,0,0,0,0,0,0,0,0,0,5,0,0,38,0,5,0,18,0,0,18,0,5,5,0,0,0,5,0,0,0,5,0,5,5,0,0,0,0,0,0,0
C09,CONTROL,6,1,1306,18,0,0,0,5,5,0,5,0,0,0,0,0,5,0,0,0,5,5,0,0,5,0,18,0,0,0,0,0,0,0,5,0,0,0,0,0,0,0,0,0,0,0,0,0,0,0,0,0,0,0,0,0,0,0,0,0,5,0,0,0,5,0,0,0,0,0,0,0,0,5,0,38,0,0,0,0,0,0,0,0
C10,CONTROL,7,1,1307,5,0,0,0,18,0,0,0,0,0,0,0,0,0,0,5,0,0,63,0,0,5,0,0,0,0,0,0,0,0,0,5,0,0,0,0,0,0,0,0,0,0,0,0,0,0,0,0,0,0,0,0,0,0,0,0,0,0,0,0,0,0,0,0,0,0,0,0,0,0,5,5,18,18,0,0,5,5,0,5,0
C04,CONTROL,8,1,1308,5,0,0,0,5,5,0,0,5,0,0,0,0,0,0,5,0,0,38,0,0,5,0,0,5,0,5,0,0,0,0,0,5,0,0,0,0,0,0,0,0,0,0,0,0,38,0,0,0,5,0,0,0,0,0,0,0,0,5,0,0,0,0,0,0,0,0,0,0,0,5,5,18,5,0,0,0,5,5,5,0
C05,CONTROL,9,1,1309,5,0,0,0,0,0,18,0,0,0,0,0,0,63,0,5,0,0,18,0,0,0,0,0,0,0,0,0,0,0,0,0,0,0,0,0,0,0,0,0,0,0,0,0,0,0,0,0,0,0,0,0,0,0,0,0,0,5,18,0,0,0,0,0,5,0,0,0,0,0,0,0,0,18,0,0,0,0,0,5,0
C11,CONTROL,10,1,1310,5,0,0,5,0,0,0,0,0,0,0,0,0,0,0,5,5,5,38,0,0,5,0,0,0,0,0,0,0,0,0,5,5,0,0,0,0,0,0,0,0,0,0,0,0,0,0,0,0,0,0,0,0,0,0,0,0,0,5,0,0,0,0,0,0,0,0,0,0,0,5,0,18,0,0,0,5,0,0,0,0
C12,CONTROL,11,1,1311,5,0,0,0,5,5,0,5,0,0,0,0,0,0,0,18,0,0,38,0,0,5,5,0,0,5,0,0,0,0,0,0,5,0,0,5,0,0,0,0,0,0,0,0,0,0,0,0,5,0,0,0,0,0,0,0,0,0,5,0,0,0,0,0,0,0,0,0,0,0,5,0,18,0,0,0,5,5,0,5,0
C06,CONTROL,12,1,404A,18,0,0,5,0,0,0,0,0,0,0,0,0,0,0,5,5,0,5,0,0,0,0,0,5,0,0,0,5,0,0,0,0,0,0,0,0,0,0,0,0,0,0,0,0,0,0,0,0,0,0,0,0,0,0,0,0,5,0,0,0,0,5,0,0,0,0,0,0,0,5,5,18,5,0,0,0,5,0,0,0
H01,HEL_INDAZ_1,1,2,501,18,0,0,0,5,0,0,0,0,0,0,0,0,0,0,0,0,0,0,0,0,0,0,0,0,0,0,0,0,0,0,0,0,0,0,0,0,0,0,0,0,0,0,0,0,0,0,0,0,0,0,0,0,0,0,0,0,5,63,0,0,0,0,0,0,0,0,0,0,0,5,0,18,5,0,0,0,0,0,0,0
H02,HEL_INDAZ_1,2,2,601,18,0,0,18,5,0,0,0,0,0,0,0,0,5,0,5,0,0,0,0,0,5,0,0,0,0,0,0,0,0,0,5,0,0,0,0,0,0,0,0,0,0,0,0,0,0,0,0,0,0,0,0,0,0,0,0,0,5,5,0,0,0,0,0,0,0,0,0,0,0,5,0,18,0,0,0,0,0,0,0,0
H03,HEL_INDAZ_1,3,2,701,38,0,0,0,0,0,0,0,0,0,0,0,0,38,0,5,5,0,0,0,0,0,0,0,0,0,0,0,5,0,0,5,0,0,0,0,0,0,0,0,0,0,0,0,0,0,0,0,0,0,0,0,0,0,0,0,5,5,5,0,0,0,0,0,0,0,0,0,0,0,5,5,5,5,0,0,0,0,0,5,0
H04,HEL_INDAZ_1,4,2,801,18,0,0,5,0,0,0,0,0,5,0,0,0,5,0,0,5,0,0,0,0,5,0,0,0,0,0,0,18,0,0,5,0,0,18,0,0,0,0,0,0,0,0,0,0,0,0,0,0,0,5,0,0,0,0,5,0,5,0,0,0,0,0,0,0,0,0,18,0,0,5,0,5,5,0,0,0,0,0,0,0
H05,HEL_INDAZ_IMAZ_1,1,3,505,18,0,0,0,5,5,0,0,0,0,0,0,0,38,0,0,0,0,0,0,0,0,0,0,5,0,0,0,5,0,0,5,0,0,5,0,0,0,0,0,0,0,0,0,0,0,0,0,0,0,0,0,0,0,5,0,5,0,0,0,0,0,5,0,0,0,0,18,0,0,5,0,18,0,0,0,0,0,0,0,0
H06,HEL_INDAZ_IMAZ_1,2,3,605,38,0,0,5,0,0,0,0,0,0,0,0,0,0,0,0,0,0,0,0,0,0,0,0,0,0,0,0,5,0,0,5,0,5,38,0,0,0,0,0,0,0,0,0,0,0,0,0,0,0,0,0,0,0,0,0,0,5,0,0,0,0,0,0,0,0,0,0,0,0,5,0,0,0,0,0,0,0,0,0,0
H07,HEL_INDAZ_IMAZ_1,3,3,705,18,0,0,5,0,0,0,0,0,0,0,0,0,0,0,5,0,0,0,0,0,0,0,0,0,0,0,0,0,0,0,5,0,0,0,0,5,0,0,0,0,0,0,0,0,0,0,0,0,0,0,0,0,0,0,0,0,0,5,0,0,0,5,0,0,0,0,0,0,0,5,0,5,0,38,0,0,5,0,5,0
H08,HEL_INDAZ_IMAZ_1,4,3,805,18,0,0,5,0,0,0,0,0,0,0,0,0,0,0,0,0,0,0,0,0,0,0,0,5,0,0,0,18,0,0,18,0,5,5,0,0,0,5,0,0,0,0,0,0,0,0,0,0,0,0,0,0,0,5,0,5,0,0,0,5,0,0,0,0,0,0,5,0,0,5,0,5,0,5,0,0,18,0,0,0
H09,HEL_INDAZ_1,1,4,502,5,0,0,0,5,0,0,0,0,0,0,0,0,38,0,0,0,0,0,18,0,0,0,0,0,0,0,0,0,0,0,5,0,0,0,0,0,0,0,0,5,0,0,5,0,5,0,18,0,0,0,0,0,0,5,0,0,0,0,0,0,0,5,0,0,0,0,0,0,0,5,5,5,0,0,0,0,0,0,0,5
H10,HEL_INDAZ_1,2,4,602,5,0,0,0,5,0,0,0,0,0,0,0,0,5,0,0,0,0,0,0,0,5,0,0,0,0,0,0,0,0,0,5,0,0,0,0,0,0,0,0,0,0,0,0,0,0,0,0,0,18,0,0,0,0,5,0,0,5,0,0,0,0,0,0,0,0,5,0,0,0,5,0,18,18,0,0,5,0,0,0,0
H11,HEL_INDAZ_1,3,4,702,38,0,0,5,5,0,0,0,0,0,0,0,0,18,0,5,0,0,0,0,0,0,0,0,0,0,0,0,0,0,0,5,0,0,0,0,0,0,0,0,0,0,0,0,0,0,0,0,0,0,0,0,0,0,0,0,0,0,5,0,0,0,5,0,0,0,0,0,0,0,5,0,5,5,0,0,0,0,0,5,0
H12,HEL_INDAZ_1,4,4,802,18,0,0,0,18,0,0,0,0,0,0,0,0,5,0,5,5,0,5,0,0,0,0,0,0,0,0,0,0,0,5,0,5,0,0,0,0,0,0,0,0,0,0,0,0,0,0,0,0,0,0,0,0,5,0,0,0,0,5,0,0,0,5,0,0,0,0,0,0,0,0,0,18,0,0,0,5,0,0,5,0
H13,HEL_INDAZ_IMAZ_1,1,5,506,18,0,0,0,5,0,0,0,0,0,0,0,0,18,0,0,0,0,0,0,0,0,0,0,5,0,0,0,0,0,0,18,0,0,0,0,0,0,0,0,0,0,0,0,0,0,0,0,0,0,0,0,0,0,5,0,0,0,0,0,0,5,18,0,0,0,0,0,0,0,5,0,0,0,0,0,0,0,0,0,0
H14,HEL_INDAZ_IMAZ_1,2,5,606,38,0,0,0,5,0,0,0,0,0,0,0,0,0,0,0,0,0,0,0,0,0,0,0,0,0,0,0,0,0,0,18,0,0,5,0,0,0,0,0,5,0,0,0,0,0,0,0,0,0,0,0,0,0,5,0,18,0,0,0,0,0,0,0,0,0,0,18,0,0,0,0,0,0,0,0,0,0,0,0,0
H15,HEL_INDAZ_IMAZ_2,3,5,706,18,0,0,5,0,0,0,0,0,0,0,0,0,0,0,0,0,0,0,0,0,0,0,0,0,0,0,0,38,5,0,5,0,5,5,0,0,0,0,0,0,0,0,0,0,5,0,0,0,0,0,0,0,0,0,0,18,0,0,0,0,0,0,0,0,0,0,0,0,0,5,0,5,0,5,0,0,0,0,0,0
H16,HEL_INDAZ_IMAZ_2,4,5,806,38,0,0,5,0,0,0,0,0,0,0,0,0,0,0,5,0,0,0,0,0,0,0,0,0,0,0,0,5,0,0,0,0,0,0,0,0,0,0,0,0,0,0,0,0,0,0,0,0,0,0,0,0,0,0,0,0,5,0,0,0,0,0,0,0,0,0,0,0,0,0,0,0,0,0,0,0,5,0,5,0
H17,HEL_INDAZ_2,1,6,503,18,5,0,0,5,0,0,0,0,0,5,0,0,0,0,0,0,0,0,18,0,0,0,0,0,0,0,0,0,0,0,5,0,0,0,0,0,0,0,0,5,0,0,0,0,18,5,0,0,0,0,0,0,0,0,0,38,0,0,0,0,0,0,0,0,0,0,0,0,0,0,5,5,0,0,0,0,0,0,0,0
H18,HEL_INDAZ_2,2,6,603,5,5,0,0,5,0,0,0,0,0,0,5,0,0,0,0,0,0,0,5,0,0,0,0,5,0,0,0,0,0,0,18,0,0,0,0,0,0,0,0,5,0,0,0,0,18,0,0,0,0,0,0,0,0,0,0,18,0,0,0,0,0,0,0,0,0,5,0,0,0,5,5,18,0,0,0,0,0,0,0,0
H19,HEL_INDAZ_2,3,6,703,5,0,0,0,18,0,0,0,0,0,0,0,0,0,0,0,0,0,0,5,0,0,0,0,5,0,0,0,0,0,0,18,0,0,0,0,0,0,0,0,0,0,0,0,0,18,0,0,0,0,0,5,0,0,0,0,0,0,0,0,0,0,5,0,0,0,5,0,0,0,5,5,18,0,0,0,0,0,0,0,0
H20,HEL_INDAZ_2,4,6,803,18,0,0,0,18,0,0,0,0,0,0,0,0,0,0,5,5,0,0,0,0,5,0,0,0,0,0,0,0,0,0,0,0,0,0,0,0,0,0,0,0,0,0,0,0,0,0,0,0,0,0,0,0,0,0,0,0,5,0,0,0,0,0,0,0,0,0,0,0,0,5,0,18,18,0,0,0,0,0,5,0
H21,HEL_INDAZ_IMAZ_3,1,7,507,38,0,0,0,5,0,0,0,0,0,0,0,0,38,0,5,0,0,0,0,0,0,0,0,0,0,0,0,0,0,0,5,0,0,0,0,5,0,0,0,0,0,0,0,0,0,0,0,0,0,0,0,0,0,5,0,5,0,0,0,5,0,0,0,0,0,0,0,0,0,18,0,5,0,18,0,0,0,0,0,0
H22,HEL_INDAZ_IMAZ_3,2,7,607,18,0,0,5,5,0,0,0,0,0,0,0,0,38,0,5,0,0,0,0,0,0,0,0,5,0,0,0,0,0,0,5,0,0,0,0,0,0,0,0,0,0,0,0,0,0,0,0,0,0,0,0,0,0,5,0,0,0,0,0,0,0,5,0,0,0,0,0,0,0,5,0,5,0,0,0,0,0,0,0,0
H23,HEL_INDAZ_IMAZ_3,3,7,707,18,0,0,5,0,0,0,0,0,0,0,0,0,63,0,5,0,0,0,0,0,0,0,0,0,0,0,0,5,5,0,5,0,0,5,0,0,0,0,0,0,5,0,0,0,0,0,0,0,0,0,0,0,0,5,0,5,0,0,0,0,0,0,0,0,0,0,0,0,0,5,0,5,5,0,0,0,0,0,0,0
H24,HEL_INDAZ_IMAZ_3,4,7,807,18,0,0,0,18,5,0,0,0,0,0,0,0,5,0,0,0,0,0,0,0,0,0,0,0,0,0,0,5,0,0,0,0,0,0,0,0,0,0,0,5,0,0,0,0,0,0,0,0,0,0,0,0,0,0,0,18,0,0,0,0,0,5,0,0,0,0,0,0,0,5,5,38,5,0,0,0,5,0,5,0
H27,HEL_INDAZ_4,1,8,504,5,0,0,0,0,0,0,0,0,0,0,0,18,0,0,0,0,0,0,83,0,0,0,0,0,0,0,0,0,0,0,5,0,0,0,0,0,0,0,0,5,0,0,18,0,18,0,0,0,0,0,0,0,0,0,0,5,0,0,0,0,0,0,0,0,0,0,0,0,0,0,5,5,0,0,0,0,5,0,0,0
H28,HEL_INDAZ_4,2,8,604,5,5,0,0,18,0,0,0,0,0,0,0,0,5,0,5,0,0,5,5,0,0,0,0,0,0,0,0,0,0,0,5,0,0,0,0,0,0,0,0,5,0,0,5,0,5,0,0,0,5,0,0,0,0,0,0,0,0,0,0,0,0,5,0,0,0,0,0,0,0,5,0,38,0,0,0,0,0,0,0,0
H25,HEL_INDAZ_3,3,8,704,5,0,0,5,38,0,0,0,0,0,0,0,0,18,0,0,0,0,0,0,0,5,0,0,0,0,0,0,0,0,0,5,0,0,0,0,0,0,0,0,0,0,0,0,0,0,0,0,0,0,0,0,0,0,0,0,0,5,0,0,0,0,0,0,0,0,0,0,0,0,5,0,5,0,0,0,0,0,0,0,0
H26,HEL_INDAZ_3,4,8,804,5,0,0,0,5,0,0,0,0,0,0,0,0,0,0,38,5,0,0,0,0,0,5,0,5,0,0,5,5,0,0,0,0,0,0,0,0,0,0,0,0,0,0,0,0,0,0,0,0,5,0,0,0,0,0,0,0,0,5,0,0,0,0,0,0,0,0,0,0,0,18,0,18,18,0,0,0,5,0,5,0
H31,HEL_INDAZ_IMAZ_4,1,9,508,38,0,5,5,0,0,0,0,0,0,0,0,0,38,0,0,0,0,0,0,0,0,0,0,5,0,0,0,0,0,0,5,0,0,5,0,0,0,0,0,0,0,0,0,0,0,0,0,0,0,0,0,0,0,5,0,0,0,0,0,0,0,5,0,0,0,0,38,0,0,0,0,18,0,0,0,0,0,0,0,0
H32,HEL_INDAZ_IMAZ_4,2,9,608,18,0,0,38,0,0,0,0,0,0,0,0,0,5,0,0,0,0,0,0,0,0,0,5,0,0,0,0,0,0,0,5,0,0,5,0,0,0,0,0,0,0,0,0,0,5,0,0,0,0,0,0,0,0,0,0,5,0,0,0,5,0,5,0,0,0,0,5,0,0,5,0,18,0,0,0,0,0,0,5,0
H29,HEL_INDAZ_IMAZ_3,3,9,708,38,0,0,5,0,0,0,0,0,0,0,0,0,0,0,0,0,0,0,0,0,0,0,0,0,0,0,0,5,0,0,5,0,0,0,0,0,0,0,0,5,0,0,0,0,5,0,0,0,0,0,0,0,0,0,0,0,0,0,0,0,0,5,0,0,0,0,0,0,0,5,0,38,0,0,0,0,0,0,0,0
H30,HEL_INDAZ_IMAZ_3,4,9,808,38,0,0,0,38,0,0,0,0,0,0,0,0,0,0,0,0,0,0,0,0,0,0,0,0,0,0,0,0,0,0,5,0,0,0,0,0,0,0,0,0,0,0,0,0,5,0,0,0,5,0,0,0,0,0,0,0,0,0,0,0,5,5,0,0,0,0,0,0,0,5,0,18,0,0,0,0,0,0,5,0
A01,AIR_INDAZ_1,1,10,101,5,5,0,0,0,0,0,0,0,0,0,0,0,0,0,0,0,0,0,0,0,0,0,0,5,0,0,0,0,0,0,5,0,0,0,0,0,0,0,0,0,0,0,0,0,5,0,0,0,0,0,0,18,0,0,0,38,0,5,0,0,0,0,0,0,0,0,0,0,0,5,5,38,0,0,5,0,0,0,0,0
A02,AIR_INDAZ_1,2,10,201,5,0,0,0,5,0,0,0,0,0,0,0,0,18,0,0,0,0,0,0,0,0,0,0,5,0,0,0,0,0,0,5,0,0,0,0,0,0,0,0,0,0,0,0,0,5,0,0,0,0,0,0,5,0,0,0,38,0,0,0,0,0,5,0,0,0,5,0,0,0,18,5,38,5,0,5,0,0,0,0,0
A03,AIR_INDAZ_1,3,10,301,5,18,0,0,0,5,0,0,0,0,0,0,0,38,0,0,0,0,0,0,0,0,0,0,5,0,0,0,0,0,0,0,0,0,0,0,0,0,0,0,0,0,0,0,5,0,5,0,0,0,0,0,18,0,5,0,18,0,5,0,0,0,5,0,0,0,0,0,0,0,5,5,5,5,0,5,0,0,0,0,0
A04,AIR_INDAZ_1,4,10,401,5,5,0,0,5,0,0,0,0,0,0,0,0,63,0,0,0,0,5,0,0,0,0,0,0,5,0,0,0,0,0,0,5,0,0,0,0,0,0,0,5,0,5,0,0,0,0,0,0,0,0,0,0,0,0,0,0,0,5,0,0,0,0,0,0,5,0,0,0,0,0,0,18,5,0,0,0,0,0,5,0
A05,AIR_INDAZ_IMAZ_1,1,11,105,18,0,0,0,5,0,0,5,0,0,0,0,0,0,0,0,0,0,0,0,0,0,5,0,0,0,0,0,0,0,0,0,0,0,0,0,0,0,0,0,0,0,0,0,0,0,0,0,0,0,0,0,0,0,0,0,0,0,0,0,0,5,0,0,0,0,0,0,0,0,5,0,38,0,0,0,0,5,0,0,0
A06,AIR_INDAZ_IMAZ_1,2,11,205,18,0,0,5,5,0,0,0,0,0,0,0,0,0,0,18,0,0,0,0,0,0,0,0,0,0,0,0,0,0,0,5,0,0,0,0,0,0,0,0,0,0,0,0,0,0,0,0,0,0,0,0,0,0,5,0,0,0,0,0,0,0,0,0,0,0,0,0,0,0,5,0,38,5,0,0,0,0,0,0,0
A07,AIR_INDAZ_IMAZ_1,3,11,305,18,0,0,0,5,0,0,0,0,0,0,0,0,0,0,0,5,0,0,0,0,0,5,0,5,0,0,0,0,0,0,0,0,0,0,0,0,0,0,0,0,0,0,0,0,0,0,0,0,18,0,0,0,0,0,0,0,0,0,0,0,0,0,0,0,0,0,0,0,0,5,0,18,5,0,0,0,5,0,5,0
A08,AIR_INDAZ_IMAZ_1,4,11,405,18,0,0,0,5,0,0,0,0,0,0,0,0,0,0,5,0,0,0,0,0,0,0,0,0,0,0,0,5,0,0,5,0,0,0,0,0,0,0,0,0,0,0,0,0,0,0,0,0,0,0,0,0,0,0,0,5,5,0,0,0,0,0,0,0,0,0,0,0,0,5,0,18,5,0,0,0,5,0,5,0
A09,AIR_INDAZ_1,1,12,102,18,0,0,18,0,5,0,0,0,0,0,0,0,5,0,0,5,0,0,0,0,5,0,0,0,0,0,0,0,0,0,5,0,0,0,0,18,0,5,5,0,0,0,0,0,0,0,0,0,0,0,0,0,0,0,0,0,5,5,0,0,0,0,0,0,0,0,0,0,0,5,0,5,5,0,0,0,0,0,0,0
A10,AIR_INDAZ_1,2,12,202,5,0,0,0,5,0,0,0,0,0,0,0,0,0,5,5,0,0,5,0,0,0,0,5,0,0,0,0,0,0,0,0,0,0,0,0,5,5,0,0,0,0,0,0,0,0,0,0,0,0,0,0,0,0,0,0,0,5,5,0,0,0,0,0,0,0,0,0,5,0,5,0,5,18,0,0,0,0,0,5,0
A11,AIR_INDAZ_1,3,12,302,18,0,0,5,0,0,0,0,0,0,5,0,0,5,0,0,0,0,0,0,0,0,0,0,0,0,0,5,5,0,0,5,0,0,18,0,5,0,0,5,0,0,0,0,0,0,0,0,0,0,0,0,0,0,0,0,0,5,0,0,0,0,0,0,0,0,0,0,0,0,5,0,18,0,0,0,0,0,0,0,0
A12,AIR_INDAZ_1,4,12,402,5,0,0,5,5,5,0,0,0,0,0,0,0,5,0,0,5,0,0,0,0,0,0,5,0,0,0,0,5,0,0,5,0,0,38,0,0,0,0,0,0,0,0,0,0,0,0,0,0,0,0,0,0,0,0,0,0,5,0,0,0,0,0,0,0,0,0,0,0,0,0,0,18,0,5,0,0,0,0,0,0
A13,AIR_INDAZ_IMAZ_1,1,13,106,18,0,0,5,0,0,0,0,0,0,0,0,0,0,0,0,5,0,0,0,0,0,0,0,0,0,0,0,5,0,0,5,0,0,18,0,0,0,0,0,0,0,0,0,0,0,0,0,0,0,0,0,0,0,0,0,0,0,0,0,0,0,0,0,0,0,0,0,0,0,5,0,18,0,0,0,0,0,0,0,0
A14,AIR_INDAZ_IMAZ_1,2,13,206,18,0,0,5,18,0,0,0,0,0,0,0,0,0,0,5,0,0,0,0,0,5,5,0,5,0,0,0,5,0,0,5,0,0,0,0,0,0,0,0,0,0,0,0,0,0,0,0,0,0,0,0,0,0,0,0,0,0,0,0,0,0,5,0,0,0,0,0,0,0,5,0,18,0,0,0,0,0,0,0,0
A15,AIR_INDAZ_IMAZ_1,3,13,306,18,0,0,18,5,0,0,0,0,0,0,0,0,0,0,5,5,0,0,0,0,0,0,0,0,0,0,0,5,0,0,5,0,0,0,0,0,0,0,5,0,0,0,0,0,0,0,0,0,0,0,0,0,0,0,0,0,0,0,0,0,0,0,0,0,0,0,0,0,0,5,0,5,0,0,0,0,5,0,0,0
A16,AIR_INDAZ_IMAZ_1,4,13,406,38,0,0,5,5,0,0,0,0,0,0,0,0,0,0,0,0,5,0,0,0,0,0,0,0,0,0,0,5,0,0,5,0,0,0,0,0,0,0,0,0,0,0,0,0,0,0,0,0,0,0,0,0,0,5,0,18,0,0,0,0,0,0,0,0,0,0,0,0,0,5,0,38,0,0,0,0,5,0,0,0
A17,AIR_INDAZ_1,1,14,103,5,0,0,5,18,0,0,0,0,0,0,0,0,18,0,5,0,0,0,0,0,0,0,0,0,0,0,0,0,0,0,0,0,0,0,0,0,0,0,0,0,0,0,0,0,0,0,0,0,0,0,0,0,0,0,0,0,0,5,0,0,0,0,0,0,0,0,0,0,0,5,0,18,5,0,0,0,0,0,0,0
A18,AIR_INDAZ_1,2,14,203,18,0,0,0,5,5,0,0,0,0,0,0,0,18,0,0,0,0,0,0,0,0,0,5,0,0,0,0,0,0,0,18,0,0,0,0,0,0,0,0,0,0,0,0,0,0,0,0,0,0,0,0,0,0,5,0,0,5,18,0,0,0,0,0,0,0,0,0,0,0,5,0,18,18,0,0,0,0,0,5,0
A19,AIR_INDAZ_1,3,14,303,5,0,0,0,18,0,0,0,0,0,0,0,0,0,0,0,5,0,0,0,0,0,0,0,0,0,0,0,0,0,0,0,0,0,0,0,0,0,0,0,0,0,0,0,0,0,0,0,0,0,0,0,0,0,0,0,0,0,5,0,0,0,0,0,0,0,0,0,0,0,5,0,18,18,0,0,0,0,0,0,0
A20,AIR_INDAZ_1,4,14,403,18,0,5,0,5,0,0,0,0,0,0,0,0,0,0,5,0,0,5,0,0,0,0,0,0,0,0,0,0,0,0,0,0,0,0,0,0,0,0,0,0,0,0,0,0,0,0,0,0,0,0,0,0,0,0,0,0,5,5,0,0,0,5,0,0,0,0,0,0,0,5,0,38,5,0,0,0,5,0,5,0
A21,AIR_INDAZ_IMAZ_1,1,16,104,5,0,0,0,38,5,0,0,0,0,0,0,0,0,0,0,0,0,0,0,0,0,0,0,5,0,0,0,0,0,0,5,0,0,0,0,0,0,0,0,0,0,0,0,5,5,0,0,0,5,0,0,0,0,0,0,0,0,0,5,0,5,18,0,0,0,5,0,0,0,5,5,63,0,0,0,0,5,0,0,0
A22,AIR_INDAZ_IMAZ_1,2,16,107,5,0,0,18,5,0,0,0,0,0,0,0,0,0,0,18,0,0,0,0,0,5,0,0,0,0,0,0,0,0,0,0,0,0,0,0,0,0,0,0,0,0,0,0,0,0,0,0,0,0,0,0,0,0,0,0,0,0,5,0,0,0,0,0,0,0,0,0,0,0,63,0,18,0,0,0,0,5,0,5,0
A23,AIR_INDAZ_IMAZ_1,3,16,204,5,0,0,0,63,5,0,0,0,0,0,0,0,0,0,0,0,0,5,0,0,0,0,0,5,0,0,0,0,0,0,0,0,0,0,0,0,0,0,0,0,0,0,0,5,18,0,0,0,0,0,0,0,0,0,0,0,0,0,0,0,0,5,0,0,0,0,0,0,0,5,5,38,18,0,0,0,5,0,0,0
A24,AIR_INDAZ_IMAZ_1,4,16,207,18,0,0,0,18,0,0,0,5,0,0,0,0,5,0,18,0,0,0,0,0,0,0,0,0,0,0,0,0,0,0,0,0,0,0,0,0,0,0,0,0,0,0,0,0,0,0,0,0,0,0,0,0,0,0,0,0,5,5,0,0,0,0,0,0,0,0,0,0,0,18,0,18,5,0,0,0,0,0,5,0
A25,AIR_INDAZ_2,1,16,304,5,0,0,18,0,5,0,0,0,0,0,0,0,5,0,5,0,0,0,0,0,0,5,0,18,0,0,0,5,0,0,5,0,0,0,0,0,0,0,0,0,0,0,0,0,0,0,0,0,0,0,0,0,0,0,0,0,5,18,0,0,0,0,0,0,0,0,0,0,0,5,0,18,5,0,0,0,5,0,0,0
A26,AIR_INDAZ_2,2,16,307,5,0,0,0,5,0,0,0,0,0,0,0,0,0,0,18,5,0,0,0,0,0,0,0,0,0,0,0,0,0,0,0,0,0,0,0,0,0,0,0,0,0,0,0,0,0,0,0,0,0,0,0,0,0,0,0,0,5,0,0,0,0,0,0,0,0,0,5,0,0,5,0,18,5,0,0,0,5,0,0,0
A27,AIR_INDAZ_3,3,16,407,18,0,0,0,5,0,0,0,0,0,0,0,0,0,0,5,5,0,0,0,0,0,0,0,5,0,0,0,0,0,0,0,0,0,0,0,0,0,0,0,0,0,0,0,0,0,0,0,0,0,0,0,0,0,0,0,0,0,0,0,0,0,0,0,0,0,0,0,0,5,5,0,38,5,0,0,0,5,0,5,0
A28,AIR_INDAZ_3,4,16,404B,5,0,0,5,0,0,0,0,0,0,0,0,0,5,0,5,0,0,5,0,0,5,5,0,0,0,0,0,0,0,0,0,0,0,0,0,0,0,0,0,0,0,0,0,0,0,0,0,0,0,0,0,0,0,0,0,0,5,5,5,0,0,0,0,0,0,0,0,0,0,0,0,38,0,0,0,0,0,0,0,0
A29,AIR_INDAZ_IMAZ_2,1,17,108,18,0,0,5,5,0,0,0,0,0,0,0,0,5,0,5,5,0,0,0,0,5,0,0,5,0,0,0,5,0,0,5,0,0,18,0,0,0,0,0,0,0,0,0,0,0,0,0,0,0,0,0,0,0,5,0,5,5,5,0,0,0,0,0,0,0,0,0,0,0,5,0,18,0,0,0,0,0,0,0,0
A30,AIR_INDAZ_IMAZ_2,2,17,208,5,0,0,0,38,0,0,0,0,0,0,0,0,5,0,0,5,0,0,0,0,0,0,0,0,0,0,0,0,0,0,0,0,0,0,0,0,0,0,0,0,0,0,0,0,0,0,0,0,0,0,0,0,0,0,0,0,5,5,0,0,0,0,0,0,0,0,0,0,0,5,5,18,0,0,0,0,0,0,5,0
A31,AIR_INDAZ_IMAZ_2,3,17,308,18,0,0,0,18,0,0,0,0,0,0,0,0,0,0,5,5,0,0,0,0,5,0,0,0,0,0,0,0,0,0,0,0,0,0,0,0,0,0,0,0,0,0,0,0,0,0,0,0,0,0,0,0,0,0,0,0,5,0,0,0,0,0,0,0,0,0,0,0,0,5,0,18,0,0,0,0,0,0,5,0
A32,AIR_INDAZ_IMAZ_2,4,17,408,5,0,0,0,5,0,0,0,0,0,0,0,0,0,0,38,5,0,0,0,0,0,5,0,5,0,0,5,5,0,0,0,0,0,0,0,0,0,0,0,0,0,0,0,0,0,0,0,0,5,0,0,0,0,0,0,0,0,5,0,0,0,0,0,0,0,0,0,0,0,18,0,18,0,0,0,0,0,0,5,0
G01,GRD_INDAZ_3,1,18,901,18,0,0,5,0,5,0,0,0,0,0,0,0,0,0,0,0,0,0,0,0,0,5,0,0,0,0,0,5,0,0,5,0,0,0,0,0,0,0,0,0,0,0,0,0,0,0,0,0,0,0,0,0,0,0,0,0,5,0,0,0,0,5,0,0,0,0,0,0,0,5,0,18,5,0,0,0,5,0,0,0
G02,GRD_INDAZ_3,2,18,902,18,0,0,18,5,0,0,0,0,0,0,0,0,0,0,0,5,0,0,0,0,0,5,0,0,0,0,0,5,0,0,5,0,0,0,0,0,0,0,0,0,0,0,0,0,0,0,0,0,0,0,0,0,0,0,0,0,0,0,0,0,0,0,0,0,0,5,0,0,0,5,0,18,5,0,0,0,0,0,0,0
G03,GRD_INDAZ_3,3,18,903,38,0,0,5,0,5,0,0,0,0,0,0,0,0,0,5,5,0,0,0,0,5,5,5,0,0,0,0,5,0,0,0,0,0,0,0,0,0,0,0,0,0,0,0,0,0,0,0,0,0,0,0,0,0,0,0,0,5,0,0,0,0,5,0,0,0,0,0,0,0,0,0,18,0,0,0,0,5,0,0,0
G04,GRD_INDAZ_3,4,18,904,18,0,0,5,5,5,0,0,0,0,0,0,0,0,0,0,5,0,0,0,0,5,5,0,0,0,0,0,18,0,0,5,0,0,0,0,0,0,0,0,0,0,0,0,0,0,0,0,0,0,0,0,0,0,0,0,0,5,0,0,0,0,0,0,0,0,0,0,0,0,5,0,5,5,0,0,0,0,0,0,0
G05,GRD_INDAZ_IMAZ_3,1,19,1101,38,0,0,5,0,0,0,0,0,0,0,0,0,0,0,5,5,0,0,0,0,0,5,0,0,0,0,0,0,0,0,5,0,0,0,0,5,0,0,0,0,0,0,0,0,0,0,0,0,0,0,0,0,0,0,0,0,0,0,0,0,0,5,0,0,0,0,0,0,0,0,0,5,5,0,0,0,0,0,5,0
G06,GRD_INDAZ_IMAZ_3,2,19,1102,38,0,0,5,5,0,0,0,0,0,0,0,0,0,0,0,0,0,0,0,0,0,5,0,5,0,0,0,5,5,0,5,0,0,0,0,0,0,0,0,0,0,0,0,0,0,0,0,0,0,0,0,0,0,0,0,0,0,0,0,0,0,0,0,0,0,0,0,0,0,5,0,5,5,0,0,0,5,0,0,0
G07,GRD_INDAZ_IMAZ_3,3,19,1103,38,0,0,18,5,5,0,0,0,0,0,0,0,0,0,0,5,0,0,0,0,5,0,0,0,0,0,5,5,0,0,5,0,0,0,0,5,0,38,0,0,0,0,0,0,0,0,0,0,0,0,0,0,5,0,0,0,5,0,0,0,0,0,0,0,0,0,0,0,0,5,0,5,5,0,0,0,5,0,0,0
G08,GRD_INDAZ_IMAZ_3,4,19,1104,18,0,0,18,0,5,5,0,0,0,0,0,0,0,0,0,0,0,0,0,0,5,0,0,5,0,0,0,5,0,0,5,0,0,0,5,0,0,5,0,0,0,0,0,0,0,0,0,0,0,0,0,0,0,0,0,0,5,0,0,0,0,0,0,0,0,0,0,0,5,5,0,5,18,0,0,5,0,0,5,0
G09,GRD_INDAZ_4,1,20,1001,5,0,0,5,0,5,0,0,0,0,0,0,0,0,0,5,5,0,5,0,5,5,5,0,0,0,0,0,5,5,0,0,0,0,0,0,0,0,0,0,0,0,0,0,0,0,0,0,0,0,0,0,0,0,0,0,0,5,5,0,0,0,0,0,0,5,0,0,0,5,0,0,18,18,0,0,0,5,0,5,0
G10,GRD_INDAZ_4,2,20,1002,5,0,0,5,5,5,0,0,0,0,0,0,0,5,0,0,0,0,0,0,0,5,0,0,5,0,0,0,0,0,0,0,0,0,0,0,0,0,0,0,0,0,0,0,0,0,0,0,0,0,0,0,0,0,0,0,0,5,0,0,0,0,0,0,0,0,0,0,0,5,5,0,18,5,0,0,0,5,0,5,0
G11,GRD_INDAZ_4,3,20,1003,18,0,0,0,18,0,0,5,0,0,0,0,0,0,0,0,0,0,0,0,0,5,5,0,0,0,0,0,5,0,0,0,0,0,0,0,0,0,0,0,0,0,0,0,0,0,0,0,0,0,0,0,0,0,0,0,0,0,5,0,0,0,0,0,0,0,0,0,0,0,5,0,18,18,0,0,0,5,0,0,0
G12,GRD_INDAZ_4,4,20,1004,18,0,0,5,5,5,0,0,0,0,0,0,0,0,0,18,0,0,0,0,0,5,5,0,5,0,0,0,0,0,0,5,0,0,0,0,0,0,0,0,0,0,0,0,0,0,0,0,0,0,0,0,0,0,0,0,0,5,5,0,0,0,0,0,0,0,0,0,0,0,5,0,18,18,0,0,0,0,0,0,0
G13,GRD_INDAZ_IMAZ_4,1,21,1201,18,0,0,0,18,5,0,0,0,0,0,0,0,0,0,0,5,0,5,0,0,5,0,0,0,0,0,0,5,0,0,0,0,0,0,0,0,0,0,0,0,0,0,0,0,0,0,0,0,0,0,0,5,0,0,0,0,5,0,0,0,0,0,0,0,0,0,0,0,5,5,0,5,5,0,0,0,0,0,5,0
G14,GRD_INDAZ_IMAZ_4,2,21,1202,18,0,0,5,5,0,0,0,0,0,0,0,0,5,0,0,5,0,5,0,0,5,0,0,0,0,0,0,0,0,0,0,0,0,0,0,0,0,0,0,0,0,0,0,0,0,0,0,0,0,0,0,0,0,0,0,0,5,0,0,0,0,0,0,0,0,0,0,0,5,5,0,18,5,0,0,0,5,0,5,0
G15,GRD_INDAZ_IMAZ_4,3,21,1203,5,0,0,5,5,0,0,0,0,0,0,0,0,0,0,0,0,0,0,0,0,5,0,0,0,0,0,0,0,0,0,0,0,0,0,0,0,0,0,0,0,0,0,0,0,0,0,0,0,0,0,0,0,0,0,0,0,5,5,0,0,0,0,0,0,0,0,0,0,0,5,0,18,5,0,0,0,5,0,5,0
G16,GRD_INDAZ_IMAZ_4,4,21,1204,18,0,0,0,0,0,0,0,0,0,0,0,0,0,0,5,0,0,0,0,0,0,5,0,5,0,0,0,0,0,0,5,0,0,0,0,0,0,0,0,0,0,0,0,0,0,0,0,0,0,0,0,0,0,0,0,0,0,0,0,0,0,0,0,0,0,0,0,0,0,18,0,18,5,0,0,0,0,0,0,0
